image_path,DescriptionDepth,DescriptionMain
image_data/1.jpg,"The fashion image presents a young man with a relaxed yet stylish demeanor, captured in an elevator setting.  He's wearing a light grey, slightly oversized linen or cotton shirt, featuring subtle red and white stripes along the sleeves, adding a touch of sporty casualness to the otherwise relaxed look.  The shirt is unbuttoned slightly at the chest, suggesting a casual and comfortable approach to styling. The cut is contemporary, and the fabric appears soft and breathable. He pairs this with dark wash denim jeans, maintaining the casual vibe.  A simple black baseball cap is perched slightly askew on his head, and a thin, red beaded bracelet adorns his left wrist. The accessories are minimal but add personality.  The man has a medium build with a relaxed posture, leaning against the elevator wall.  His dark hair is neatly styled, slightly longer on top, complementing his sharp facial features and well-groomed beard. The slightly open shirt subtly showcases his chest, balancing a casual openness with the overall neatly styled look.  

The background is a reflective stainless steel elevator interior, providing a stark, metallic contrast to the soft tones of the outfit.  The lighting is subtly diffused, casting no harsh shadows and keeping the focus on the model, creating a sleek, clean aesthetic. This minimalist setting enhances the focus on the individual’s style and the simplicity of the clothing.  The color palette is muted and harmonious; the light grey shirt is the primary color, balanced by the dark denim and black cap, creating a calming visual effect.  The slight pop of red from the bracelet and shirt stripes adds a touch of vibrancy, preventing the palette from appearing too washed-out. This muted palette is versatile, suggesting a level of effortless coolness.

The outfit is suitable for a variety of casual occasions, including a daytime date, a weekend brunch, shopping, or meeting friends.  The relaxed nature of the ensemble suggests versatility and ease. The overall image projects a stylishly casual and approachable aesthetic, balancing a relaxed posture and muted palette with carefully chosen accessories.
","Effortlessly stylish, this lightweight button-down shirt features sporty red stripes and is perfect for casual outings or layering.  Ideal for a relaxed yet put-together look, it transitions seamlessly from day to night.
"
image_data/10.webp,"The fashion image showcases a vibrant, multicolored mini dress on a model with a tan complexion.  The dress is a slip style with thin spaghetti straps, featuring a cowl neckline that drapes softly over the bust. The fabric appears to be a luxurious satin or silk blend, with a bold, eclectic print combining tropical florals, geometric patterns (polka dots, stripes), and chain-link motifs in a patchwork-like arrangement.  The colors are intensely saturated, encompassing a cheerful palette of reds, oranges, yellows, pinks, greens, blues, and white, creating a high-contrast, visually stimulating effect. The dress has a thigh-high slit on one side, adding a touch of modern sensuality. The model wears gold layered necklaces, delicate rings, and a chunky gold bracelet, complementing the dress's metallic accents without overpowering the print.  Her posture is relaxed and confident, her hair is styled simply, allowing the dress to be the focal point. The background is a minimalist, light beige/cream-colored couch, with natural-looking soft lighting illuminating the model and dress, enhancing the vibrancy of the colors and the sheen of the fabric. The setting creates a sophisticated yet playful mood, suggesting a luxurious yet approachable style. The color harmony is bold and eclectic, reflecting a modern and energetic aesthetic, and perhaps implying themes of freedom, self-expression, and summery energy. The overall aesthetic is contemporary and chic, suitable for a range of occasions, from a summer cocktail party or a stylish brunch to a vibrant evening out. The dress’s bold print makes it a statement piece, perfect for those who enjoy eye-catching fashion.
","This vibrant,  floral-print mini dress features a flattering cowl neck and side slit. Perfect for summer nights out or a chic daytime look.
"
image_data/11.webp,"The fashion image showcases a woman in a midi-length shirt dress, exuding a sophisticated yet casual vibe. The dress, in a muted camel or beige tone, features a striking abstract print of irregular black brushstrokes, adding a touch of modern artistry. The fabric appears to be a lightweight, possibly flowing material like silk or rayon, creating a soft drape.  The classic collared shirt style is complemented by a self-tie waist belt, cinching the waist and emphasizing a feminine silhouette.  The dress also includes a subtle front slit, adding a hint of leg-revealing allure without compromising on elegance.  Black ankle boots with a sleek pointed toe complete the look, creating a stylish contrast against the dress's earth tone. The model, seemingly average build with a slender figure, wears her medium-brown hair loose and slightly wavy, framing her face naturally. Her posture is relaxed but confident, complementing the dress's effortless style. The background features a clean, minimalist setting with a modern wooden staircase and a simple, uncluttered wall, allowing the dress to take center stage. The lighting is soft and natural, enhancing the warm tones of the outfit and creating a calming overall ambiance. The color palette, a harmonious blend of warm camel, cool black, and neutral beige, suggests a sense of grounded elegance and understated sophistication. The outfit would be appropriate for a variety of occasions – a daytime brunch, an art gallery opening, a casual yet chic dinner date, or even a smart-casual office environment.  The image overall conveys a sense of effortless style and quiet confidence, merging modern design with timeless elegance.
","This stylish midi shirt dress features a flattering belted waist and an abstract print, perfect for both casual days and dressed-up evenings.  Effortlessly chic and versatile for any occasion.
"
image_data/12.jpg,"The fashion image showcases a young woman with a fair complexion and long, auburn hair styled in loose waves, standing on a gray concrete staircase in front of a gray brick building.  Her posture is relaxed and confident, with a slight smile playing on her lips and her gaze directed towards the camera. She wears a midi-length, off-the-shoulder dress in a dusty rose color with thin, white vertical stripes. The dress features a ruffled neckline, a wrap-style bodice cinched with a self-tie belt, and a high-low hemline with a ruffled asymmetrical skirt. The fabric appears to be a lightweight woven material with a slightly draping quality. The dress's design is both feminine and chic, and its high-low hem adds a touch of modern flair.  She accessorizes with simple black heeled sandals with braided detailing, which complement the dress's relaxed yet sophisticated style.  The background features a muted color palette; the gray brick building provides a neutral backdrop which subtly contrasts with the dress's rose tone, while a small white planter box with red geraniums adds a touch of color and natural texture. The lighting is natural daylight, casting soft shadows and creating a bright, airy atmosphere. The overall color palette is harmonious, with the soft rose of the dress, the gray of the building, and the black of the sandals forming a cohesive and aesthetically pleasing whole. The muted background allows the dress and the model to be the clear focal points. This ensemble would be appropriate for a variety of occasions, ranging from a casual daytime event such as a brunch or a shopping trip, to a more formal setting like a garden party or a summer wedding. The image exudes a sense of casual elegance and effortless style, suggesting a carefree and confident personality.
","This flirty, striped off-the-shoulder dress features a flattering wrap design and high-low hemline, perfect for dates, parties, or any occasion that calls for effortless style.
"
image_data/13.webp,"The fashion image portrays a bearded man with a ruggedly handsome aesthetic, standing beneath a metal bridge structure. His clothing consists of a dark-wash denim shirt, buttoned-up, over a plain white undershirt, paired with dark-wash skinny jeans and brown leather boots.  The shirt is a classic, workwear-inspired style with a slightly relaxed fit but still tailored to his frame.  The jeans are slim-fitting, emphasizing his muscular build. The brown boots add a touch of rustic charm, complementing the overall casual yet sophisticated look.  Visible tattoos on his forearms add a layer of personality and a subtle hint of rebellion. His posture is relaxed yet confident, with hands casually in his pockets, emphasizing a sense of ease. His dark, neatly groomed beard and short, textured hairstyle further contribute to his mature and well-groomed image.

The background is a slightly blurred but visible industrial setting, featuring the imposing structure of a steel bridge against a late afternoon sky. The lighting suggests either sunset or sunrise, casting a warm, golden hue across the scene and emphasizing the textures of both the clothing and the gravelly ground.  The color palette is monochromatic, primarily consisting of dark blues and browns, with the exception of the warm tones of the background. This restrained color scheme lends a sense of seriousness and masculinity to the image.  The contrast between the rugged setting and the slightly tailored attire creates a compelling visual tension.

This ensemble would be suitable for a variety of semi-formal occasions, such as a date night, an evening out with friends, or even a casual business event that allows for a more relaxed dress code.  The overall aesthetic of the image is one of effortless cool, conveying a sense of maturity, confidence, and self-assuredness. The carefully chosen background creates a sense of narrative, suggesting an individual who is both contemplative and strong.
","This durable, black denim shirt offers versatile style for any occasion.  Perfect for layering or wearing alone, it's ideal for a casual weekend look or a smart-casual evening out.
"
image_data/14.webp,"The fashion image showcases a cheerful and vibrant aesthetic. The model, a woman with a fuller figure and warm complexion, exudes confidence with her relaxed yet poised posture. Her long, wavy light brown hair complements the playful nature of her outfit. The dress is the centerpiece, a  light pink mini dress adorned with a lively, painterly print of tulips in various shades of pink, orange, yellow, and blue. The fabric appears to be a lightweight cotton or linen, suggesting comfort and breathability. The style is a loose, A-line silhouette with three-quarter sleeves and a subtly gathered hem, creating a feminine and flattering shape that accentuates her figure without being restrictive.  The dress's unique design element is its artistic floral print, where tulips appear to be loosely sketched on the fabric, giving a whimsical and slightly abstract feel.  Gold necklaces and stacked gold bracelets complete the look, adding a touch of elegance and sophistication without overpowering the dress.

The background is a minimalist, pastel pink setting with subtly curved architectural elements, creating a soft and dreamy backdrop that enhances the dress's bright colors and playful spirit. The lighting is soft and diffused, likely studio lighting, avoiding harsh shadows and ensuring the dress's print and the model's features are clearly visible. The overall color palette is harmonious, with the soft pinks of the background enhancing the pastel tones of the dress, creating a visually pleasing and cohesive image.  The combination of the bright floral print and the soft pink background evokes a feeling of springtime optimism and carefree joy. This ensemble would be appropriate for various occasions, such as garden parties, brunch dates, spring weddings, or any event calling for a stylish yet relaxed summery look. The image effectively communicates both the beauty of the dress and the feeling of effortless style it provides to the wearer.
","This vibrant floral dress features a flattering tiered skirt and long sleeves, perfect for brunch dates or springtime celebrations.  Its comfortable, lightweight fabric ensures all-day wearability.
"
image_data/15.jpeg,"The fashion image presents a young woman seated on a weathered, reddish-brown staircase, exuding an air of serene contemplation.  She wears a flowing, off-white kurta, a traditional South Asian garment, characterized by its A-line silhouette, three-quarter sleeves, and subtle silver embellishments along the hem and sleeves. The kurta is crafted from a lightweight, possibly cotton or linen, fabric, giving it a delicate drape.  A matching dupatta, or scarf, with a more prominent black and off-white mandala-like pattern, is elegantly draped around her and pools on the steps, adding visual interest and texture.  Her accessories are understated yet impactful, consisting of simple gold earrings and bracelets.  The woman possesses a slender build and maintains a relaxed yet graceful posture. Her long, dark brown hair is left loose, framing her face. The outfit complements her features, enhancing her natural beauty with its soft color and gentle lines.

The background is a faded, old-world setting, featuring a weathered whitewashed building and a worn wooden staircase. The lighting is soft and diffused, casting subtle shadows that add depth to the image and enhance the romantic, melancholic mood. The overall aesthetic is one of understated elegance and timeless beauty; the contrast between the crisp white outfit and the aged architectural background creates a visually arresting juxtaposition. The color palette is muted, predominantly featuring various shades of off-white, beige, and brown, creating a sense of calm and sophistication.  These colors evoke feelings of tranquility and nostalgia.  The overall effect is one of timeless grace, suggesting an atmosphere suited to a quiet afternoon tea, a contemplative moment in a heritage setting, or perhaps even a pre-wedding shoot, capturing a sense of gentle beauty and calm reflection.
","Effortlessly elegant off-white cotton kurta; perfect for special occasions or everyday wear with its comfortable flowy fit and subtle embellishments.
"
image_data/16.jpeg,"The fashion image showcases a young woman exuding confidence and style.  She wears a vibrant mustard-yellow blazer, cut short to reveal a matching, presumably coordinated, short skirt or shorts underneath. The blazer is a single-breasted style with a notched lapel, featuring clean lines and a smooth, seemingly structured fabric.  The slightly open neckline adds a touch of subtle sensuality.  The lack of additional accessories keeps the focus on the bold color and tailored cut of the outfit.  Her footwear consists of striking red heeled sandals with delicate lace-up ankles and fluffy, pom-pom-like detailing at the toes – a playful contrast to the sophistication of the blazer. The woman possesses a slender build, and her confident posture, along with her sleek, dark hair styled with blunt bangs that frame her face beautifully, enhances the overall chic aesthetic.  

The background is a sunny, outdoor setting, likely a park or garden path.  The blurred background of lush greenery and tall trees, bathed in bright sunlight, creates a pleasant, natural contrast to the bright yellow of the outfit, providing a visually appealing depth of field. The lighting is natural and well-distributed, enhancing the rich color of the clothing and highlighting the woman's features. The overall color palette is sunny and cheerful, with the bold yellow being the dominant hue, balanced by the warm tones of the background and the surprising pop of red from the shoes. This contrast creates a visually striking image that suggests energy, vibrancy, and a touch of playfulness. This ensemble is ideally suited for a daytime event such as a garden party, a stylish brunch, a summer festival, or a casual yet chic meet-up with friends. The image conveys a sense of effortless sophistication and summery charm.
","This stylish mustard yellow blazer is perfect for transitioning your look from day to night.  Its versatile design pairs well with both casual and dressy outfits, making it a must-have for any wardrobe.
"
image_data/17.jpg,"The fashion image presents a young man with a lean build and relaxed posture, subtly leaning against the metallic walls of an elevator. His hairstyle is short and slightly tousled, adding to his casual yet stylish demeanor. He sports a monochromatic ensemble of a chocolate brown leather blazer and matching trousers, the blazer exhibiting a classic cut with a relaxed fit that complements his frame without being overly baggy.  The trousers are straight-legged, creating a balanced silhouette. Underneath, a simple off-white fitted t-shirt provides a subtle contrast in texture and color. The only visible accessory is a delicate silver necklace, hinting at a minimalist aesthetic. The muted brown palette, ranging from the deep brown of the leather to the lighter shade of the trousers, creates a cohesive and sophisticated look. The image's background, a stark elevator interior with metallic walls and a flash of yellow paint, lends a contemporary, urban feel, contrasting the warmth of the outfit with a cool, industrial setting. The lighting is soft and slightly diffused, casting a natural glow on the subject without harsh shadows. The overall color harmony suggests understated elegance, while the setting subtly reinforces a sense of quiet confidence. This outfit would be suitable for a range of occasions – an evening out, a gallery opening, or a stylishly dressed day event – where a sophisticated yet relaxed attitude is desired. The image's aesthetic successfully blends casual streetwear elements with tailored pieces, showcasing a modern and versatile style that transcends traditional boundaries.
","Here's a concise marketing description:

>  This stylish leather blazer offers a sleek, modern fit perfect for elevating any outfit.  Ideal for nights out, business casual events, or adding a touch of sophistication to everyday wear.
"
image_data/18.webp,"The fashion image presents a stylishly dressed man strolling along a city sidewalk. His outfit showcases a sophisticated yet relaxed aesthetic. He wears a navy blue blazer, exhibiting a subtle check pattern, crafted from a seemingly lightweight yet structured fabric. The blazer is paired with a crisp, light blue and white striped button-down shirt, adding a touch of casual elegance.  His trousers are light beige corduroy, offering a textural contrast to the smooth blazer fabric.  A brown leather belt adds a refined touch, completing the tailored look.  The man has dark hair, styled in a neatly groomed, slightly longer length, complementing his sharp facial features.  His posture is relaxed yet confident,  and his warm smile adds a personable quality to the image.

The backdrop consists of a brick townhouse building, softened by the warm, golden light of what appears to be late afternoon sun. A dark metal fence runs alongside the sidewalk, creating a somewhat urban yet slightly secluded atmosphere.  The background is intentionally blurred, keeping the focus sharply on the subject. The overall color palette leans towards a warm, inviting feel: the navy blue of the blazer, the light beige of the pants, and the light blue shirt are contrasted by the rich, warm tones of the sunlit brick building. This combination subtly suggests a calm and self-assured persona. The color harmony contributes to an overall feeling of classic sophistication.

This outfit is suitable for a variety of occasions, ranging from a casual business meeting to a relaxed evening out. It seamlessly blends formal and informal elements, suggesting a man comfortable in both professional and social settings.  The image’s aesthetic successfully communicates a modern, approachable, and well-dressed individual within a stylish urban environment.
","This effortlessly stylish blazer is perfect for smart casual occasions.  Its versatile design transitions seamlessly from day to night, making it ideal for work, weekend brunch, or an evening out.
"
image_data/19.jpg,"The fashion image showcases a man in a meticulously styled ensemble, set against the backdrop of an ornate, historic building.  The clothing consists of a deep teal kurta, a traditional long tunic, crafted from a subtly shimmering silk or rayon blend. The kurta features a subtle, all-over geometric pattern, further embellished with delicate gold embroidery along the neckline and cuffs, adding a touch of understated luxury. Its long, relaxed cut falls gracefully to mid-thigh, paired with tailored teal trousers that maintain a consistent color palette but offer a more structured contrast to the kurta's fluidity.  The accessories are minimal, with only dark-colored Chelsea boots completing the look. The man himself has a lean build and maintains a poised, almost contemplative posture, his dark hair neatly styled.  His calm demeanor seems perfectly in harmony with the rich, sophisticated attire.

The background is a richly textured, aged interior with intricate stone carvings and faded frescoes on the walls, suggesting a palace or historical mansion.  The soft, diffused lighting enhances the textures and the deep teal color of the clothing, creating a sense of quiet elegance. This juxtaposition of the modern, tailored garments with the antique setting establishes a sophisticated, almost timeless aesthetic. The color palette is primarily composed of the rich teal of the outfit, accented by the muted gold embroidery and the warm, earthy tones of the background.  This color harmony creates a sense of depth and visual interest, with the teal evoking feelings of serenity and sophistication. The overall style suggests an occasion of refined elegance, perhaps a wedding, an upscale formal event, or a high-end cultural celebration. The image communicates not only a fashionable look but also a sense of heritage and refined taste, masterfully blending modern tailoring with a classical setting.
","This elegant kurta features a rich teal hue, intricate detailing, and a comfortable, relaxed fit, perfect for weddings, festivals, or any special occasion.  It effortlessly blends traditional style with modern ease.
"
image_data/2.webp,"The fashion image showcases a model wearing a vibrant emerald green midi dress adorned with a delicate white polka dot pattern. The dress is crafted from a lightweight, seemingly flowing fabric, possibly cotton or a cotton blend, which lends itself to a breezy, summery feel. Its design features voluminous, long sleeves with subtle puffing at the shoulder, a relaxed A-line silhouette, and a tiered skirt that adds movement and visual interest. A V-neckline and a series of small, possibly pearly white, buttons down the front provide understated elegance.  The dress is cinched at the waist by small ties, highlighting the model's slender frame.  The model also wears a simple black hair bow, accentuating her dark, curly hair styled in a slightly tousled, natural updo.  Her posture is confident and relaxed, suggesting freedom and movement, which is further emphasized by the flowing dress.  The backdrop is a sunny beach scene, with the clear blue sky occupying most of the frame, complementing the bright green of the dress. The lighting is natural and bright, creating a sense of warmth and enhancing the vividness of the colors. The sandy beach provides a neutral, natural contrast to the dress's color, and the simple setting highlights the dress as the central focus.  The color palette is largely monochromatic with an emphasis on the verdant green, creating a sense of vibrancy and freshness. The white polka dots provide textural interest, preventing the green from becoming overwhelming. This verdant green conjures feelings of nature, freshness, and vitality. The dress would be appropriate for a variety of summer occasions, including beach gatherings, garden parties, or a relaxed day out. Overall, the image conveys a sense of effortless chic, capturing the carefree spirit of summer fashion.
","This breezy, green midi dress features a tiered skirt and voluminous sleeves, perfect for summer days at the beach or a relaxed afternoon out.  Its lightweight fabric and flattering silhouette ensure all-day comfort and effortless style.
"
image_data/20.webp,"The fashion image showcases a man in a beige kurta, a traditional South Asian garment.  The kurta is long-sleeved, with a mandarin collar and a subtle, repeating geometric pattern woven into the fabric, suggesting a jacquard or brocade texture that lends a sophisticated sheen. The pattern is understated, composed of small, muted green and beige motifs, avoiding any bold colors or loud statements. The kurta’s cut is relatively straight, falling to mid-calf length, and appears to be crafted from a luxurious, possibly silk-like material.  The man is paired with plain white churidar pajamas, which are neatly tucked at the ankles.  There are no accessories visible.  The model appears to have a lean build, with good posture, and a neatly styled, short dark haircut that complements his features without being overly distracting.


The background is a simple, muted beige, providing a neutral backdrop that draws attention to the garment. The soft, even lighting minimizes shadows and enhances the texture of the kurta.  A small portion of a wooden chair with a hint of patterned fabric is visible in the bottom right corner, suggesting an indoor setting, possibly a boutique or studio, consistent with a fashion shoot.  The overall color palette is calm and understated, with various shades of beige dominating the image, complemented by the soft green accents in the kurta’s pattern.  This pale palette creates a sense of serenity and sophistication. The psychological implication of the beige color is one of neutrality, calm, and elegance.


This outfit is appropriate for numerous semi-formal occasions, including weddings, festivals, religious events, or formal family gatherings.  The understated elegance and traditional style of the kurta make it a versatile choice for celebrations that call for a refined yet comfortable and culturally appropriate look. The image successfully conveys a blend of modernity and tradition, highlighting the kurta's timeless appeal and sophisticated design.
","This elegant kurta features a sophisticated patterned design and a comfortable, relaxed fit, perfect for weddings, festivals, or any special occasion.  It's effortlessly stylish and supremely comfortable.
"
image_data/21.avif,[Error generating description for 21] Please retry processing this image.,[Description pending for 21]
image_data/22.jpeg,"The fashion image showcases a man in a stylish, traditional kurta pajama. The kurta, a long tunic, is a deep purple with a subtle textured fabric and a repeating silver-grey embroidered pattern of ornate, floral motifs. The style is classic and tailored, with a mandarin collar, long sleeves, and a straight cut that falls to mid-thigh.  The fabric appears to be a lightweight cotton or linen blend, suitable for warmer weather.  He pairs this with crisp, white churidar pajamas that are slim-fitting and elegantly contrast with the dark purple kurta.  His accessories are minimal, consisting of a dark brown leather bracelet and matching brown leather shoes, enhancing the overall sophisticated look. The man is of average build with a well-groomed appearance, sporting a neatly trimmed beard and short, styled dark hair. His posture is confident and relaxed, effortlessly carrying the traditional ensemble.

The background is a deep teal-green, paneled wall with ornate molding at the base, creating a rich, luxurious setting.  The lighting is soft and even, highlighting the texture of the kurta and the details of the embroidery.  A small vase of purple flowers and an antique-looking wooden cabinet are subtly placed to the left, complementing the purple hue of the kurta without distracting from the model. The overall color palette is harmonious, using varying shades of purple and contrasting it with the crisp white of the pajamas and the deep green of the background. The color purple evokes a sense of luxury, sophistication, and royalty, fitting the elegance of the attire.

This outfit is suitable for a variety of formal occasions such as weddings, religious festivals, family gatherings, or any event requiring a polished yet comfortable and traditional appearance. The image successfully blends traditional attire with a modern aesthetic, presenting a sophisticated and stylish look for the contemporary man.
","This elegant kurta features a rich purple fabric with intricate silver embroidery, perfect for festive occasions or formal events.  Its comfortable long-sleeved design and classic cut ensures a stylish and sophisticated look.
"
image_data/23.webp,"The fashion image showcases a young woman wearing a light blue and white maxi dress, set against a backdrop of lush green foliage.  The dress itself is a captivating blend of style and comfort.  It features a v-neck, spaghetti straps, and a flattering wrap-style design that cinches at the waist, highlighting the model's slender figure. The fabric appears lightweight and possibly flowing, judging by its drape, likely rayon or a similar summer material. The pattern is an abstract, almost watercolor-like design of light blue scribbles and lines on a primarily off-white base, giving a breezy and ethereal feel. A high leg slit adds a touch of modern allure. The dress is minimally accessorized, with only a delicate necklace adding a subtle touch of elegance.  The model possesses a slender to average build and carries a confident, relaxed posture. Her long, dark brown hair is worn loose and straight, framing her face beautifully and complementing the gentle, romantic style of the dress.  The background is a carefully chosen natural setting, with tall, slender bamboo-like plants forming a soft, verdant frame around the model.  The soft, natural light enhances the dress’s light and airy feel, creating a serene and idyllic atmosphere. The overall color palette is harmonious, featuring the soft blue and white of the dress contrasting subtly yet effectively with the deep greens of the background.  This creates a refreshing and calming visual impact. The color scheme evokes feelings of tranquility and effortless elegance. The outfit is perfectly suited for a summer garden party, a beachside brunch, or a casual yet chic daytime event requiring a touch of sophistication. The image as a whole conveys a sense of feminine grace and natural beauty, showcasing the dress as ideal attire for someone who values both style and comfort in a relaxed, sophisticated setting.
","This stunning maxi dress features a flattering wrap silhouette and a thigh-high slit, perfect for summer evenings out or a beachside getaway.  Its lightweight fabric and breezy design ensure all-day comfort and effortless style.
"
image_data/24.webp,[Error generating description for 24] Please retry processing this image.,[Description pending for 24]
image_data/25.webp,[Error generating description for 25] Please retry processing this image.,[Description pending for 25]
image_data/26.webp,[Error generating description for 26] Please retry processing this image.,[Description pending for 26]
image_data/3.jpg,[Error generating description for 3] Please retry processing this image.,[Description pending for 3]
image_data/4.jpg,[Error generating description for 4] Please retry processing this image.,[Description pending for 4]
image_data/5.jpg,[Error generating description for 5] Please retry processing this image.,[Description pending for 5]
image_data/6.avif,[Error generating description for 6] Please retry processing this image.,[Description pending for 6]
image_data/7.jpg,[Error generating description for 7] Please retry processing this image.,[Description pending for 7]
image_data/8.jpg,[Error generating description for 8] Please retry processing this image.,[Description pending for 8]
image_data/9.jpg,[Error generating description for 9] Please retry processing this image.,[Description pending for 9]
